from,to,support,confidence,lift,count
Senior Management & C-Suite,Senior Management & C-Suite,0,0.0819,133.7617,33
Data Science & Analytics,Data Science & Analytics,2e-04,0.0894,43.8908,131
IT Infrastructure & Networks,IT Infrastructure & Networks,4e-04,0.1402,42.0939,359
Legal & Compliance,Legal & Compliance,8e-04,0.1759,35.8147,646
Research & Academia,Research & Academia,7e-04,0.1539,32.663,596
Healthcare - Clinical,Healthcare - Clinical,9e-04,0.1573,25.0592,756
Cybersecurity & Compliance,Cybersecurity & Compliance,6e-04,0.1303,24.7611,513
ICT Management & Consulting,ICT Management & Consulting,0.0016,0.2045,23.6553,1335
Software & IT Development,Software & IT Development,0.0026,0.2554,23.376,2149
Social Work & Community Services,Social Work & Community Services,0.0012,0.1706,22.9996,949
Finance & Accounting,Finance & Accounting,0.0085,0.3955,17.304,6913
"Banking, Finance & Insurance","Banking, Finance & Insurance",0.0014,0.1524,16.2092,1139
IT Infrastructure & Networks,ICT Management & Consulting,4e-04,0.1223,14.1427,313
ICT Management & Consulting,IT Infrastructure & Networks,4e-04,0.0466,13.9784,304
"Creative, Media & Design","Creative, Media & Design",0.0051,0.242,13.3793,4165
Sales & Business Development,Sales & Business Development,0.0081,0.326,11.5004,6628
Marketing & Communications,Marketing & Communications,0.0034,0.2042,11.3329,2777
"Environment, Safety & Sustainability","Environment, Safety & Sustainability",0.003,0.1874,11.3301,2421
Construction & Architecture,Construction & Architecture,0.0054,0.2213,9.2361,4413
Healthcare - Nursing & Allied,Healthcare - Nursing & Allied,0.0156,0.3841,9.0691,12743
Customer Service & Support,Customer Service & Support,0.0014,0.1155,8.9189,1178
Software & IT Development,ICT Management & Consulting,7e-04,0.0713,8.2495,600
Human Resources & Recruitment,Human Resources & Recruitment,0.0052,0.2111,7.8898,4246
ICT Management & Consulting,Software & IT Development,6e-04,0.0801,7.3317,523
Project & Programme Management,Project & Programme Management,0.0017,0.1092,6.1848,1409
Software & IT Development,IT Infrastructure & Networks,2e-04,0.0189,5.673,159
IT Infrastructure & Networks,Software & IT Development,2e-04,0.0609,5.5766,156
Research & Academia,Data Science & Analytics,1e-04,0.0111,5.4495,43
Marketing & Communications,Data Science & Analytics,2e-04,0.0101,4.9806,138
Software & IT Development,Data Science & Analytics,1e-04,0.01,4.9008,84
Senior Management & C-Suite,Data Science & Analytics,0,0.0099,4.8719,4
Data Science & Analytics,Research & Academia,0,0.0212,4.4914,31
Data Science & Analytics,Software & IT Development,1e-04,0.0485,4.4351,71
Public Sector & Administration,Public Sector & Administration,0.004,0.1318,4.3781,3227
Data Science & Analytics,Marketing & Communications,1e-04,0.0785,4.3568,115
Education - Teaching,Education - Teaching,0.0423,0.4326,4.3485,34534
Healthcare - Nursing & Allied,Social Work & Community Services,0.0012,0.0301,4.0516,997
Engineering & Manufacturing,Engineering & Manufacturing,0.0338,0.3495,3.7751,27637
Social Work & Community Services,Healthcare - Nursing & Allied,0.0011,0.1598,3.7733,889
Supply Chain & Logistics,Supply Chain & Logistics,0.0205,0.2685,3.3902,16757
ICT Management & Consulting,Data Science & Analytics,1e-04,0.0067,3.3084,44
Data Science & Analytics,ICT Management & Consulting,1e-04,0.028,3.2372,41
Sales & Business Development,Senior Management & C-Suite,0,0.0019,3.1338,39
Healthcare - Nursing & Allied,Healthcare - Clinical,8e-04,0.0192,3.0539,636
Healthcare - Clinical,Healthcare - Nursing & Allied,8e-04,0.129,3.0461,620
Marketing & Communications,Sales & Business Development,0.0014,0.0849,2.9957,1155
Sales & Business Development,Marketing & Communications,0.0013,0.0526,2.9213,1070
"Banking, Finance & Insurance",IT Infrastructure & Networks,1e-04,0.0094,2.8121,70
"Retail, Hospitality & Events","Retail, Hospitality & Events",0.0329,0.2887,2.8028,26852
Senior Management & C-Suite,Sales & Business Development,0,0.0769,2.7133,31
Public Sector & Administration,Finance & Accounting,0.0018,0.0609,2.6624,1490
Healthcare - Clinical,Research & Academia,1e-04,0.0125,2.6499,60
Senior Management & C-Suite,"Banking, Finance & Insurance",0,0.0248,2.6386,10
"Banking, Finance & Insurance",Senior Management & C-Suite,0,0.0016,2.6234,12
Customer Service & Support,"Banking, Finance & Insurance",3e-04,0.0246,2.6159,251
Cybersecurity & Compliance,IT Infrastructure & Networks,0,0.0086,2.5916,34
Cybersecurity & Compliance,Research & Academia,1e-04,0.0122,2.5872,48
"Banking, Finance & Insurance",Legal & Compliance,1e-04,0.0124,2.5338,93
Project & Programme Management,Senior Management & C-Suite,0,0.0016,2.5324,20
Social Work & Community Services,Cybersecurity & Compliance,1e-04,0.0133,2.5284,74
Software & IT Development,"Creative, Media & Design",5e-04,0.0446,2.4644,375
Finance & Accounting,Public Sector & Administration,0.0016,0.0741,2.4612,1295
Legal & Compliance,"Banking, Finance & Insurance",1e-04,0.0229,2.4325,84
Public Sector & Administration,Legal & Compliance,4e-04,0.0118,2.4113,290
Legal & Compliance,Public Sector & Administration,3e-04,0.0722,2.3972,265
Marketing & Communications,Senior Management & C-Suite,0,0.0014,2.2821,19
Sales & Business Development,Software & IT Development,6e-04,0.0246,2.2553,501
"Creative, Media & Design",Software & IT Development,5e-04,0.0246,2.2492,423
Public Sector & Administration,"Banking, Finance & Insurance",6e-04,0.021,2.2367,515
"Banking, Finance & Insurance",Customer Service & Support,3e-04,0.0289,2.2331,216
IT Infrastructure & Networks,"Banking, Finance & Insurance",1e-04,0.0207,2.2015,53
"Banking, Finance & Insurance",Finance & Accounting,5e-04,0.0502,2.1957,375
Research & Academia,Healthcare - Clinical,1e-04,0.0137,2.18,53
Cybersecurity & Compliance,"Environment, Safety & Sustainability",2e-04,0.0358,2.1651,141
Construction & Architecture,Engineering & Manufacturing,0.0049,0.2,2.1601,3987
Research & Academia,"Environment, Safety & Sustainability",2e-04,0.0356,2.1546,138
"Environment, Safety & Sustainability",Research & Academia,2e-04,0.0101,2.152,131
Marketing & Communications,Software & IT Development,4e-04,0.0235,2.1465,319
Finance & Accounting,"Banking, Finance & Insurance",4e-04,0.0201,2.1355,351
Software & IT Development,Project & Programme Management,4e-04,0.0376,2.127,316
Senior Management & C-Suite,Project & Programme Management,0,0.0372,2.1078,15
Data Science & Analytics,"Banking, Finance & Insurance",0,0.0198,2.1049,29
Engineering & Manufacturing,Construction & Architecture,0.0049,0.0501,2.0928,3966
"Banking, Finance & Insurance",Sales & Business Development,5e-04,0.0593,2.0913,443
"Banking, Finance & Insurance",Public Sector & Administration,6e-04,0.0625,2.0761,467
Senior Management & C-Suite,Marketing & Communications,0,0.0372,2.0658,15
ICT Management & Consulting,Project & Programme Management,3e-04,0.0365,2.0646,238
Construction & Architecture,IT Infrastructure & Networks,2e-04,0.0066,1.9721,131
Data Science & Analytics,Project & Programme Management,1e-04,0.0341,1.9327,50
"Creative, Media & Design",Marketing & Communications,7e-04,0.0346,1.922,596
Cybersecurity & Compliance,Social Work & Community Services,1e-04,0.014,1.883,55
Sales & Business Development,"Banking, Finance & Insurance",4e-04,0.0174,1.8464,353
Public Sector & Administration,Customer Service & Support,7e-04,0.0236,1.8268,579
Software & IT Development,Sales & Business Development,5e-04,0.0515,1.8155,433
IT Infrastructure & Networks,Construction & Architecture,1e-04,0.0434,1.8094,111
Project & Programme Management,ICT Management & Consulting,2e-04,0.0153,1.7753,198
Marketing & Communications,"Creative, Media & Design",5e-04,0.0319,1.7643,434
Data Science & Analytics,Sales & Business Development,1e-04,0.0498,1.7577,73
Customer Service & Support,Public Sector & Administration,7e-04,0.0528,1.7548,539
Software & IT Development,Marketing & Communications,3e-04,0.0313,1.735,263
Research & Academia,Project & Programme Management,1e-04,0.0302,1.7107,117
Legal & Compliance,Human Resources & Recruitment,2e-04,0.0458,1.7097,168
Human Resources & Recruitment,Senior Management & C-Suite,0,0.001,1.7057,21
Social Work & Community Services,Healthcare - Clinical,1e-04,0.0106,1.6896,59
Project & Programme Management,Marketing & Communications,5e-04,0.0302,1.6778,390
IT Infrastructure & Networks,Cybersecurity & Compliance,0,0.0086,1.6335,22
"Environment, Safety & Sustainability",Cybersecurity & Compliance,1e-04,0.0086,1.6329,111
Finance & Accounting,Legal & Compliance,2e-04,0.008,1.6307,140
Cybersecurity & Compliance,"Banking, Finance & Insurance",1e-04,0.0152,1.6201,60
Legal & Compliance,Research & Academia,0,0.0076,1.6185,28
"Environment, Safety & Sustainability",IT Infrastructure & Networks,1e-04,0.0053,1.6029,69
"Banking, Finance & Insurance",Cybersecurity & Compliance,1e-04,0.0084,1.6026,63
ICT Management & Consulting,Cybersecurity & Compliance,1e-04,0.0084,1.6014,55
Human Resources & Recruitment,Construction & Architecture,9e-04,0.0383,1.5978,770
Project & Programme Management,Software & IT Development,3e-04,0.0174,1.5889,224
Education - Teaching,Social Work & Community Services,0.0011,0.0117,1.5775,934
Research & Academia,Legal & Compliance,0,0.0077,1.5769,30
Social Work & Community Services,Education - Teaching,0.0011,0.1562,1.5702,869
Finance & Accounting,Human Resources & Recruitment,9e-04,0.0418,1.5608,730
Research & Academia,Healthcare - Nursing & Allied,3e-04,0.0658,1.5546,255
Healthcare - Nursing & Allied,Research & Academia,3e-04,0.0073,1.5418,241
Marketing & Communications,Project & Programme Management,5e-04,0.0271,1.5365,369
"Banking, Finance & Insurance",ICT Management & Consulting,1e-04,0.0132,1.5326,99
Project & Programme Management,Data Science & Analytics,0,0.0031,1.5219,40
Healthcare - Clinical,Social Work & Community Services,1e-04,0.0112,1.5149,54
"Banking, Finance & Insurance",Data Science & Analytics,0,0.0031,1.5109,23
Customer Service & Support,Data Science & Analytics,0,0.003,1.4913,31
Senior Management & C-Suite,IT Infrastructure & Networks,0,0.005,1.4897,2
Project & Programme Management,Cybersecurity & Compliance,1e-04,0.0078,1.4881,101
Social Work & Community Services,Research & Academia,0,0.007,1.488,39
Customer Service & Support,Legal & Compliance,1e-04,0.0073,1.4765,74
ICT Management & Consulting,Customer Service & Support,2e-04,0.019,1.4674,124
Customer Service & Support,Sales & Business Development,5e-04,0.0416,1.4658,424
Social Work & Community Services,Project & Programme Management,2e-04,0.0255,1.4455,142
Operations & General Management,Operations & General Management,0.1348,0.4381,1.4384,110128
Customer Service & Support,Marketing & Communications,3e-04,0.0259,1.4361,264
Customer Service & Support,ICT Management & Consulting,2e-04,0.0123,1.4285,126
IT Infrastructure & Networks,"Environment, Safety & Sustainability",1e-04,0.0234,1.4172,60
"Creative, Media & Design",Social Work & Community Services,2e-04,0.0105,1.41,180
Finance & Accounting,Data Science & Analytics,1e-04,0.0029,1.4042,50
Social Work & Community Services,Human Resources & Recruitment,3e-04,0.0376,1.404,209
Senior Management & C-Suite,Public Sector & Administration,0,0.0422,1.4012,17
Sales & Business Development,Data Science & Analytics,1e-04,0.0029,1.4004,58
Research & Academia,Engineering & Manufacturing,6e-04,0.1294,1.3974,501
Human Resources & Recruitment,Finance & Accounting,8e-04,0.0319,1.3966,642
Research & Academia,Software & IT Development,1e-04,0.0152,1.3941,59
Project & Programme Management,Social Work & Community Services,2e-04,0.0103,1.3899,133
Cybersecurity & Compliance,ICT Management & Consulting,1e-04,0.0119,1.3805,47
Research & Academia,Cybersecurity & Compliance,0,0.0072,1.3742,28
Construction & Architecture,Human Resources & Recruitment,9e-04,0.0368,1.3738,733
Data Science & Analytics,Customer Service & Support,0,0.0177,1.371,26
"Banking, Finance & Insurance",Marketing & Communications,2e-04,0.0245,1.3593,183
Human Resources & Recruitment,"Banking, Finance & Insurance",3e-04,0.0128,1.3589,257
Cybersecurity & Compliance,Project & Programme Management,1e-04,0.0239,1.3517,94
Marketing & Communications,Research & Academia,1e-04,0.0063,1.3422,86
IT Infrastructure & Networks,Data Science & Analytics,0,0.0027,1.3421,7
Healthcare - Nursing & Allied,Education - Teaching,0.0054,0.1335,1.3421,4430
IT Infrastructure & Networks,"Creative, Media & Design",1e-04,0.0242,1.339,62
Social Work & Community Services,"Environment, Safety & Sustainability",2e-04,0.0221,1.337,123
Research & Academia,Education - Teaching,6e-04,0.133,1.3366,515
Legal & Compliance,Senior Management & C-Suite,0,8e-04,1.3346,3
Engineering & Manufacturing,Research & Academia,6e-04,0.0063,1.3285,495
Human Resources & Recruitment,Legal & Compliance,2e-04,0.0065,1.3261,131
Legal & Compliance,Finance & Accounting,1e-04,0.0302,1.3225,111
Project & Programme Management,Research & Academia,1e-04,0.0062,1.3162,80
Marketing & Communications,"Banking, Finance & Insurance",2e-04,0.0124,1.3135,168
"Creative, Media & Design",Data Science & Analytics,1e-04,0.0027,1.3119,46
Software & IT Development,Research & Academia,1e-04,0.0062,1.3119,52
Education - Teaching,Research & Academia,6e-04,0.0062,1.3109,493
"Banking, Finance & Insurance",Human Resources & Recruitment,3e-04,0.0348,1.3003,260
Senior Management & C-Suite,Human Resources & Recruitment,0,0.0347,1.2982,14
Public Sector & Administration,Marketing & Communications,7e-04,0.0233,1.2921,570
Legal & Compliance,Social Work & Community Services,0,0.0095,1.2851,35
Marketing & Communications,Public Sector & Administration,6e-04,0.0386,1.2823,525
Research & Academia,Marketing & Communications,1e-04,0.023,1.2754,89
"Environment, Safety & Sustainability",Social Work & Community Services,1e-04,0.0094,1.273,122
"Environment, Safety & Sustainability",Healthcare - Nursing & Allied,8e-04,0.0536,1.2664,693
Engineering & Manufacturing,Supply Chain & Logistics,0.0097,0.1003,1.266,7929
Public Sector & Administration,Data Science & Analytics,1e-04,0.0026,1.263,63
Human Resources & Recruitment,Social Work & Community Services,2e-04,0.0093,1.2536,187
"Creative, Media & Design",Education - Teaching,0.0026,0.1233,1.2393,2122
Sales & Business Development,Customer Service & Support,4e-04,0.016,1.2388,326
IT Infrastructure & Networks,Engineering & Manufacturing,4e-04,0.1145,1.2364,293
Supply Chain & Logistics,Engineering & Manufacturing,0.0087,0.1138,1.2294,7103
Marketing & Communications,Customer Service & Support,3e-04,0.0159,1.2269,216
Construction & Architecture,Cybersecurity & Compliance,2e-04,0.0064,1.2202,128
Education - Teaching,Healthcare - Nursing & Allied,0.005,0.0516,1.219,4121
ICT Management & Consulting,Marketing & Communications,2e-04,0.0219,1.2158,143
Sales & Business Development,Human Resources & Recruitment,8e-04,0.0324,1.2096,658
Legal & Compliance,Project & Programme Management,1e-04,0.0212,1.2029,78
Public Sector & Administration,Senior Management & C-Suite,0,7e-04,1.2009,18
Senior Management & C-Suite,Finance & Accounting,0,0.0273,1.1942,11
"Environment, Safety & Sustainability",Engineering & Manufacturing,0.0017,0.1103,1.1914,1425
Engineering & Manufacturing,IT Infrastructure & Networks,4e-04,0.004,1.188,313
"Creative, Media & Design",IT Infrastructure & Networks,1e-04,0.004,1.186,68
ICT Management & Consulting,"Environment, Safety & Sustainability",2e-04,0.0196,1.1857,128
Project & Programme Management,Sales & Business Development,5e-04,0.0336,1.1839,433
Data Science & Analytics,Public Sector & Administration,1e-04,0.0355,1.1791,52
"Environment, Safety & Sustainability",Construction & Architecture,4e-04,0.0282,1.1788,365
Customer Service & Support,IT Infrastructure & Networks,0,0.0039,1.1768,40
Engineering & Manufacturing,"Environment, Safety & Sustainability",0.0019,0.0194,1.176,1538
"Banking, Finance & Insurance",Project & Programme Management,2e-04,0.0207,1.1747,155
Human Resources & Recruitment,Sales & Business Development,8e-04,0.0333,1.1734,669
IT Infrastructure & Networks,Project & Programme Management,1e-04,0.0207,1.1724,53
Supply Chain & Logistics,Project & Programme Management,0.0016,0.0207,1.1722,1292
Social Work & Community Services,Legal & Compliance,0,0.0058,1.171,32
Construction & Architecture,"Environment, Safety & Sustainability",5e-04,0.0194,1.1706,386
Project & Programme Management,Supply Chain & Logistics,0.0015,0.0923,1.1657,1191
Legal & Compliance,Marketing & Communications,1e-04,0.021,1.1638,77
Project & Programme Management,"Environment, Safety & Sustainability",3e-04,0.0192,1.1624,248
Marketing & Communications,Human Resources & Recruitment,5e-04,0.031,1.1596,422
Public Sector & Administration,ICT Management & Consulting,3e-04,0.01,1.1575,245
ICT Management & Consulting,"Banking, Finance & Insurance",1e-04,0.0109,1.1565,71
Healthcare - Clinical,Human Resources & Recruitment,2e-04,0.0308,1.1508,148
Senior Management & C-Suite,ICT Management & Consulting,0,0.0099,1.1481,4
Operations & General Management,Customer Service & Support,0.0046,0.0148,1.1471,3733
Project & Programme Management,Construction & Architecture,4e-04,0.0274,1.1418,353
Construction & Architecture,Project & Programme Management,5e-04,0.0201,1.1389,401
Cybersecurity & Compliance,Legal & Compliance,0,0.0056,1.1373,22
ICT Management & Consulting,"Creative, Media & Design",2e-04,0.0205,1.1349,134
Data Science & Analytics,Finance & Accounting,0,0.0259,1.1348,38
Sales & Business Development,Project & Programme Management,5e-04,0.0199,1.1282,405
Operations & General Management,Senior Management & C-Suite,2e-04,7e-04,1.1242,173
Cybersecurity & Compliance,Data Science & Analytics,0,0.0023,1.1218,9
Customer Service & Support,Operations & General Management,0.0042,0.3399,1.116,3468
Research & Academia,Social Work & Community Services,0,0.0083,1.114,32
Operations & General Management,Public Sector & Administration,0.0102,0.0332,1.1038,8353
Public Sector & Administration,Operations & General Management,0.0101,0.3358,1.1024,8221
"Environment, Safety & Sustainability",Data Science & Analytics,0,0.0022,1.1016,29
"Retail, Hospitality & Events",Customer Service & Support,0.0016,0.0142,1.1006,1325
Research & Academia,"Creative, Media & Design",1e-04,0.0199,1.0992,77
Healthcare - Nursing & Allied,"Environment, Safety & Sustainability",7e-04,0.0182,1.099,603
Senior Management & C-Suite,"Creative, Media & Design",0,0.0199,1.0975,8
Healthcare - Clinical,"Environment, Safety & Sustainability",1e-04,0.0179,1.0821,86
Human Resources & Recruitment,Marketing & Communications,5e-04,0.0195,1.0818,392
Marketing & Communications,ICT Management & Consulting,2e-04,0.0093,1.0802,127
Social Work & Community Services,Public Sector & Administration,2e-04,0.032,1.0629,178
Social Work & Community Services,Data Science & Analytics,0,0.0022,1.0588,12
Supply Chain & Logistics,Cybersecurity & Compliance,4e-04,0.0056,1.0568,347
Project & Programme Management,"Banking, Finance & Insurance",2e-04,0.0099,1.055,128
Public Sector & Administration,Human Resources & Recruitment,8e-04,0.0281,1.0516,689
"Environment, Safety & Sustainability",Healthcare - Clinical,1e-04,0.0066,1.048,85
Operations & General Management,"Retail, Hospitality & Events",0.0332,0.108,1.048,27138
Marketing & Communications,Legal & Compliance,1e-04,0.0051,1.0478,70
"Retail, Hospitality & Events",Operations & General Management,0.0363,0.3184,1.0455,29615
Project & Programme Management,Public Sector & Administration,5e-04,0.0315,1.0454,406
Research & Academia,ICT Management & Consulting,0,0.009,1.0453,35
Engineering & Manufacturing,Project & Programme Management,0.0018,0.0184,1.0419,1455
Sales & Business Development,ICT Management & Consulting,2e-04,0.009,1.0413,183
Education - Teaching,"Creative, Media & Design",0.0018,0.0188,1.041,1503
"Banking, Finance & Insurance",Software & IT Development,1e-04,0.0114,1.041,85
Senior Management & C-Suite,Operations & General Management,2e-04,0.3151,1.0347,127
Healthcare - Nursing & Allied,Cybersecurity & Compliance,2e-04,0.0054,1.0255,179
Data Science & Analytics,IT Infrastructure & Networks,0,0.0034,1.0245,5
Public Sector & Administration,Social Work & Community Services,2e-04,0.0076,1.0242,186
Data Science & Analytics,"Creative, Media & Design",0,0.0184,1.0189,27
Cybersecurity & Compliance,Construction & Architecture,1e-04,0.0244,1.0173,96
Cybersecurity & Compliance,Human Resources & Recruitment,1e-04,0.0272,1.0154,107
Cybersecurity & Compliance,Supply Chain & Logistics,4e-04,0.0802,1.0133,316
"Environment, Safety & Sustainability",Project & Programme Management,3e-04,0.0179,1.0124,231
Data Science & Analytics,Social Work & Community Services,0,0.0075,1.0123,11
Senior Management & C-Suite,Legal & Compliance,0,0.005,1.0103,2
Construction & Architecture,Supply Chain & Logistics,0.002,0.0799,1.0095,1594
Research & Academia,IT Infrastructure & Networks,0,0.0034,1.0075,13
ICT Management & Consulting,Senior Management & C-Suite,0,6e-04,1.0009,4
Project & Programme Management,IT Infrastructure & Networks,1e-04,0.0033,1.0005,43
Engineering & Manufacturing,Cybersecurity & Compliance,5e-04,0.0053,0.9998,416
IT Infrastructure & Networks,Research & Academia,0,0.0047,0.9949,12
Sales & Business Development,Legal & Compliance,1e-04,0.0049,0.9914,99
Legal & Compliance,Customer Service & Support,1e-04,0.0128,0.9888,47
Supply Chain & Logistics,Construction & Architecture,0.0018,0.0237,0.9882,1478
Human Resources & Recruitment,Public Sector & Administration,7e-04,0.0297,0.9877,598
"Creative, Media & Design",Research & Academia,1e-04,0.0046,0.9866,80
ICT Management & Consulting,Sales & Business Development,2e-04,0.0279,0.9834,182
Software & IT Development,"Environment, Safety & Sustainability",2e-04,0.0162,0.9775,136
Software & IT Development,Construction & Architecture,2e-04,0.0234,0.9772,197
Customer Service & Support,Human Resources & Recruitment,3e-04,0.0261,0.9743,266
Data Science & Analytics,Legal & Compliance,0,0.0048,0.9727,7
Software & IT Development,Senior Management & C-Suite,0,6e-04,0.9708,5
"Creative, Media & Design",Project & Programme Management,4e-04,0.0171,0.9706,295
"Creative, Media & Design",ICT Management & Consulting,2e-04,0.0084,0.9678,144
Social Work & Community Services,"Creative, Media & Design",1e-04,0.0174,0.964,97
Human Resources & Recruitment,Engineering & Manufacturing,0.0022,0.0891,0.9626,1792
Legal & Compliance,Operations & General Management,0.0013,0.2928,0.9612,1075
Software & IT Development,"Banking, Finance & Insurance",1e-04,0.009,0.9606,76
Public Sector & Administration,Project & Programme Management,5e-04,0.0169,0.9598,415
Operations & General Management,Legal & Compliance,0.0014,0.0047,0.9572,1182
IT Infrastructure & Networks,Finance & Accounting,1e-04,0.0219,0.957,56
"Creative, Media & Design","Retail, Hospitality & Events",0.0021,0.0985,0.9566,1696
Engineering & Manufacturing,Software & IT Development,0.001,0.0104,0.9547,825
ICT Management & Consulting,Social Work & Community Services,1e-04,0.007,0.95,46
Data Science & Analytics,"Environment, Safety & Sustainability",0,0.0157,0.9493,23
"Creative, Media & Design",Senior Management & C-Suite,0,6e-04,0.9491,10
"Environment, Safety & Sustainability",ICT Management & Consulting,1e-04,0.0082,0.9489,106
Project & Programme Management,Legal & Compliance,1e-04,0.0047,0.9468,60
Human Resources & Recruitment,Cybersecurity & Compliance,1e-04,0.005,0.9451,100
Data Science & Analytics,Human Resources & Recruitment,0,0.0253,0.9438,37
Senior Management & C-Suite,Cybersecurity & Compliance,0,0.005,0.9433,2
Legal & Compliance,Sales & Business Development,1e-04,0.0267,0.9414,98
Customer Service & Support,"Retail, Hospitality & Events",0.0012,0.0965,0.9372,985
Cybersecurity & Compliance,Public Sector & Administration,1e-04,0.0282,0.9363,111
Construction & Architecture,Software & IT Development,2e-04,0.0102,0.9363,204
Finance & Accounting,Senior Management & C-Suite,0,6e-04,0.9346,10
Project & Programme Management,"Creative, Media & Design",3e-04,0.0169,0.9342,218
Legal & Compliance,Cybersecurity & Compliance,0,0.0049,0.9317,18
Cybersecurity & Compliance,Software & IT Development,0,0.0102,0.9295,40
Marketing & Communications,IT Infrastructure & Networks,1e-04,0.0031,0.927,42
Cybersecurity & Compliance,Education - Teaching,4e-04,0.0917,0.9214,361
Operations & General Management,Supply Chain & Logistics,0.0224,0.0727,0.9178,18272
"Creative, Media & Design","Environment, Safety & Sustainability",3e-04,0.0152,0.917,261
"Retail, Hospitality & Events","Creative, Media & Design",0.0019,0.0165,0.9149,1539
Project & Programme Management,Engineering & Manufacturing,0.0013,0.0843,0.9102,1087
IT Infrastructure & Networks,Public Sector & Administration,1e-04,0.0273,0.9083,70
Senior Management & C-Suite,Software & IT Development,0,0.0099,0.9083,4
Data Science & Analytics,Cybersecurity & Compliance,0,0.0048,0.9082,7
Cybersecurity & Compliance,Engineering & Manufacturing,4e-04,0.0841,0.908,331
"Environment, Safety & Sustainability","Creative, Media & Design",3e-04,0.0164,0.9071,212
Supply Chain & Logistics,Operations & General Management,0.0211,0.2763,0.9071,17244
Software & IT Development,Engineering & Manufacturing,9e-04,0.0837,0.904,704
Engineering & Manufacturing,Human Resources & Recruitment,0.0023,0.0241,0.9007,1906
Operations & General Management,"Banking, Finance & Insurance",0.0026,0.0085,0.8997,2127
IT Infrastructure & Networks,Sales & Business Development,1e-04,0.0254,0.8956,65
Healthcare - Clinical,Education - Teaching,5e-04,0.0888,0.8931,427
"Retail, Hospitality & Events",Healthcare - Clinical,6e-04,0.0056,0.8924,521
Operations & General Management,Project & Programme Management,0.0048,0.0157,0.8903,3952
"Creative, Media & Design",Healthcare - Nursing & Allied,8e-04,0.0377,0.889,648
Education - Teaching,Healthcare - Clinical,5e-04,0.0056,0.8881,445
Human Resources & Recruitment,Healthcare - Clinical,1e-04,0.0056,0.8872,112
"Retail, Hospitality & Events",Sales & Business Development,0.0029,0.0251,0.8845,2332
Project & Programme Management,Human Resources & Recruitment,4e-04,0.0236,0.8835,305
Project & Programme Management,Operations & General Management,0.0042,0.2685,0.8816,3464
Operations & General Management,Healthcare - Clinical,0.0017,0.0055,0.8809,1390
ICT Management & Consulting,Public Sector & Administration,2e-04,0.0265,0.8803,173
Healthcare - Clinical,Operations & General Management,0.0016,0.2672,0.8772,1284
IT Infrastructure & Networks,Marketing & Communications,0,0.0156,0.8672,40
Human Resources & Recruitment,Research & Academia,1e-04,0.0041,0.8654,82
Human Resources & Recruitment,Software & IT Development,2e-04,0.0094,0.86,189
Finance & Accounting,IT Infrastructure & Networks,1e-04,0.0029,0.8587,50
"Banking, Finance & Insurance",Operations & General Management,0.0024,0.2615,0.8586,1954
Supply Chain & Logistics,Data Science & Analytics,1e-04,0.0017,0.8572,109
Sales & Business Development,IT Infrastructure & Networks,1e-04,0.0029,0.8564,58
Operations & General Management,Marketing & Communications,0.0047,0.0154,0.8564,3879
Research & Academia,Human Resources & Recruitment,1e-04,0.0227,0.8491,88
Public Sector & Administration,IT Infrastructure & Networks,1e-04,0.0028,0.8459,69
Human Resources & Recruitment,Project & Programme Management,4e-04,0.0149,0.8447,300
Senior Management & C-Suite,"Retail, Hospitality & Events",0,0.0868,0.8431,35
Public Sector & Administration,Healthcare - Clinical,2e-04,0.0052,0.8328,128
Healthcare - Clinical,Cybersecurity & Compliance,0,0.0044,0.8305,21
Human Resources & Recruitment,Data Science & Analytics,0,0.0017,0.8298,34
"Environment, Safety & Sustainability",Software & IT Development,1e-04,0.0091,0.8287,117
Human Resources & Recruitment,"Environment, Safety & Sustainability",3e-04,0.0137,0.8269,275
Public Sector & Administration,Cybersecurity & Compliance,1e-04,0.0043,0.8151,105
Cybersecurity & Compliance,"Creative, Media & Design",1e-04,0.0147,0.8143,58
Cybersecurity & Compliance,Healthcare - Clinical,0,0.0051,0.8091,20
Marketing & Communications,Operations & General Management,0.0041,0.2462,0.8083,3348
Operations & General Management,Finance & Accounting,0.0057,0.0185,0.8082,4644
Customer Service & Support,Project & Programme Management,2e-04,0.0142,0.8048,145
Cybersecurity & Compliance,Healthcare - Nursing & Allied,2e-04,0.034,0.8034,134
Operations & General Management,Cybersecurity & Compliance,0.0013,0.0042,0.7977,1055
IT Infrastructure & Networks,Legal & Compliance,0,0.0039,0.7952,10
Legal & Compliance,Supply Chain & Logistics,3e-04,0.0629,0.7944,231
"Retail, Hospitality & Events",Public Sector & Administration,0.0027,0.0239,0.7943,2224
Healthcare - Clinical,"Retail, Hospitality & Events",5e-04,0.0816,0.7918,392
Operations & General Management,Human Resources & Recruitment,0.0065,0.0211,0.7888,5306
Cybersecurity & Compliance,Customer Service & Support,0,0.0102,0.7847,40
Operations & General Management,"Environment, Safety & Sustainability",0.004,0.013,0.7839,3259
Supply Chain & Logistics,Public Sector & Administration,0.0018,0.0236,0.7824,1470
Public Sector & Administration,Supply Chain & Logistics,0.0019,0.0618,0.7803,1513
"Environment, Safety & Sustainability",Supply Chain & Logistics,0.001,0.0615,0.776,794
"Retail, Hospitality & Events",Supply Chain & Logistics,0.007,0.0613,0.7742,5702
Human Resources & Recruitment,Customer Service & Support,2e-04,0.01,0.7721,201
Customer Service & Support,Finance & Accounting,2e-04,0.0176,0.7718,180
Customer Service & Support,Supply Chain & Logistics,8e-04,0.0611,0.771,623
Supply Chain & Logistics,"Retail, Hospitality & Events",0.0061,0.0794,0.7708,4956
Operations & General Management,Sales & Business Development,0.0067,0.0218,0.7701,5488
Data Science & Analytics,Construction & Architecture,0,0.0184,0.7691,27
Education - Teaching,Cybersecurity & Compliance,4e-04,0.004,0.7691,323
Software & IT Development,Cybersecurity & Compliance,0,0.004,0.7682,34
Project & Programme Management,Customer Service & Support,2e-04,0.0099,0.7664,128
"Environment, Safety & Sustainability",Operations & General Management,0.0037,0.2324,0.7631,3003
Sales & Business Development,"Retail, Hospitality & Events",0.002,0.0786,0.7631,1598
Healthcare - Clinical,Legal & Compliance,0,0.0037,0.7625,18
Human Resources & Recruitment,IT Infrastructure & Networks,1e-04,0.0025,0.7612,51
Supply Chain & Logistics,IT Infrastructure & Networks,2e-04,0.0025,0.7599,158
"Environment, Safety & Sustainability",Senior Management & C-Suite,0,5e-04,0.7585,6
Finance & Accounting,Operations & General Management,0.0049,0.231,0.7584,4037
Human Resources & Recruitment,Operations & General Management,0.0057,0.2303,0.7562,4632
Supply Chain & Logistics,ICT Management & Consulting,5e-04,0.0065,0.7561,408
"Environment, Safety & Sustainability",Human Resources & Recruitment,3e-04,0.0202,0.7549,261
Healthcare - Clinical,Public Sector & Administration,1e-04,0.0227,0.7534,109
Supply Chain & Logistics,Customer Service & Support,7e-04,0.0097,0.7525,608
"Retail, Hospitality & Events","Environment, Safety & Sustainability",0.0014,0.0124,0.751,1155
Senior Management & C-Suite,"Environment, Safety & Sustainability",0,0.0124,0.7502,5
Social Work & Community Services,ICT Management & Consulting,0,0.0065,0.7485,36
ICT Management & Consulting,Legal & Compliance,0,0.0037,0.7485,24
Finance & Accounting,ICT Management & Consulting,1e-04,0.0065,0.7478,113
ICT Management & Consulting,Research & Academia,0,0.0035,0.7478,23
Public Sector & Administration,Software & IT Development,2e-04,0.0082,0.7475,200
Research & Academia,Sales & Business Development,1e-04,0.0212,0.7468,82
Customer Service & Support,Cybersecurity & Compliance,0,0.0039,0.7452,40
Data Science & Analytics,Operations & General Management,4e-04,0.2266,0.7441,332
Education - Teaching,Public Sector & Administration,0.0022,0.0223,0.7424,1784
Engineering & Manufacturing,Operations & General Management,0.0219,0.2261,0.7422,17877
"Environment, Safety & Sustainability","Retail, Hospitality & Events",0.0012,0.0764,0.7415,987
Project & Programme Management,Education - Teaching,0.0012,0.0736,0.7394,949
Education - Teaching,"Environment, Safety & Sustainability",0.0012,0.0122,0.7378,974
"Retail, Hospitality & Events",Senior Management & C-Suite,1e-04,5e-04,0.7377,42
Operations & General Management,Data Science & Analytics,5e-04,0.0015,0.7361,377
Legal & Compliance,IT Infrastructure & Networks,0,0.0025,0.7357,9
Sales & Business Development,Operations & General Management,0.0056,0.2241,0.7357,4555
Healthcare - Nursing & Allied,"Creative, Media & Design",5e-04,0.0132,0.7316,439
"Retail, Hospitality & Events",Marketing & Communications,0.0015,0.0132,0.7316,1226
Cybersecurity & Compliance,Operations & General Management,0.0011,0.2227,0.7312,877
"Environment, Safety & Sustainability",Marketing & Communications,2e-04,0.0131,0.7259,169
Education - Teaching,Data Science & Analytics,1e-04,0.0015,0.7256,118
Legal & Compliance,ICT Management & Consulting,0,0.0063,0.7245,23
Public Sector & Administration,Sales & Business Development,6e-04,0.0205,0.7232,502
Engineering & Manufacturing,ICT Management & Consulting,6e-04,0.0062,0.7196,492
"Creative, Media & Design",Cybersecurity & Compliance,1e-04,0.0038,0.7179,65
Operations & General Management,Engineering & Manufacturing,0.0204,0.0663,0.7161,16664
Supply Chain & Logistics,"Banking, Finance & Insurance",5e-04,0.0067,0.7156,420
Healthcare - Clinical,Customer Service & Support,1e-04,0.0092,0.7072,44
Software & IT Development,Public Sector & Administration,2e-04,0.0213,0.7068,179
Supply Chain & Logistics,Legal & Compliance,3e-04,0.0035,0.7045,216
Public Sector & Administration,"Retail, Hospitality & Events",0.0022,0.0723,0.7022,1771
"Retail, Hospitality & Events","Banking, Finance & Insurance",8e-04,0.0066,0.7009,613
Education - Teaching,Human Resources & Recruitment,0.0018,0.0187,0.7003,1496
Marketing & Communications,"Retail, Hospitality & Events",0.0012,0.0721,0.7002,981
Marketing & Communications,Cybersecurity & Compliance,1e-04,0.0037,0.6988,50
Education - Teaching,Project & Programme Management,0.0012,0.0121,0.6874,969
Public Sector & Administration,Education - Teaching,0.002,0.0682,0.6852,1669
Marketing & Communications,"Environment, Safety & Sustainability",2e-04,0.0113,0.6847,154
Software & IT Development,Human Resources & Recruitment,2e-04,0.0183,0.6841,154
ICT Management & Consulting,Operations & General Management,0.0017,0.2082,0.6835,1359
"Retail, Hospitality & Events",Cybersecurity & Compliance,4e-04,0.0036,0.6826,334
"Environment, Safety & Sustainability",Education - Teaching,0.0011,0.0679,0.6822,877
Human Resources & Recruitment,Education - Teaching,0.0017,0.0678,0.6817,1364
Data Science & Analytics,Education - Teaching,1e-04,0.0676,0.6793,99
Sales & Business Development,Research & Academia,1e-04,0.0032,0.6787,65
Research & Academia,Public Sector & Administration,1e-04,0.0204,0.6776,79
Public Sector & Administration,Research & Academia,1e-04,0.0032,0.6762,78
"Banking, Finance & Insurance",Supply Chain & Logistics,5e-04,0.0535,0.676,400
Supply Chain & Logistics,"Environment, Safety & Sustainability",9e-04,0.0111,0.6733,695
Cybersecurity & Compliance,"Retail, Hospitality & Events",3e-04,0.0691,0.6705,272
Finance & Accounting,Marketing & Communications,3e-04,0.0121,0.67,211
Construction & Architecture,"Creative, Media & Design",3e-04,0.0121,0.6682,241
Data Science & Analytics,Supply Chain & Logistics,1e-04,0.0526,0.6637,77
ICT Management & Consulting,Finance & Accounting,1e-04,0.0152,0.6635,99
ICT Management & Consulting,Supply Chain & Logistics,4e-04,0.0525,0.6635,343
"Environment, Safety & Sustainability",Legal & Compliance,1e-04,0.0033,0.6617,42
Construction & Architecture,Operations & General Management,0.0049,0.2012,0.6607,4012
Customer Service & Support,Healthcare - Clinical,1e-04,0.0041,0.6558,42
Human Resources & Recruitment,ICT Management & Consulting,1e-04,0.0057,0.6557,114
Supply Chain & Logistics,Human Resources & Recruitment,0.0013,0.0175,0.6556,1095
Construction & Architecture,Senior Management & C-Suite,0,4e-04,0.6554,8
Supply Chain & Logistics,Senior Management & C-Suite,0,4e-04,0.6543,25
Finance & Accounting,Customer Service & Support,2e-04,0.0085,0.6541,148
"Banking, Finance & Insurance","Retail, Hospitality & Events",6e-04,0.0672,0.6522,502
Operations & General Management,Construction & Architecture,0.0048,0.0156,0.6509,3921
Operations & General Management,Healthcare - Nursing & Allied,0.0085,0.0275,0.6494,6914
Human Resources & Recruitment,Supply Chain & Logistics,0.0013,0.0513,0.6474,1031
Operations & General Management,ICT Management & Consulting,0.0017,0.0056,0.647,1406
Operations & General Management,Social Work & Community Services,0.0015,0.0048,0.6463,1205
"Retail, Hospitality & Events",Healthcare - Nursing & Allied,0.0031,0.0273,0.6451,2541
"Retail, Hospitality & Events",Project & Programme Management,0.0013,0.0114,0.6442,1058
Education - Teaching,Legal & Compliance,3e-04,0.0032,0.6427,252
IT Infrastructure & Networks,Human Resources & Recruitment,1e-04,0.0172,0.6423,44
Project & Programme Management,Finance & Accounting,2e-04,0.0147,0.6409,189
"Creative, Media & Design",Operations & General Management,0.0041,0.1941,0.6374,3341
"Creative, Media & Design",Engineering & Manufacturing,0.0012,0.0587,0.6339,1010
"Retail, Hospitality & Events",Human Resources & Recruitment,0.0019,0.0169,0.6329,1575
"Banking, Finance & Insurance",Social Work & Community Services,0,0.0047,0.6315,35
"Creative, Media & Design",Public Sector & Administration,4e-04,0.0189,0.6292,326
Operations & General Management,"Creative, Media & Design",0.0035,0.0114,0.6277,2854
Cybersecurity & Compliance,Sales & Business Development,1e-04,0.0178,0.627,70
Senior Management & C-Suite,Supply Chain & Logistics,0,0.0496,0.6267,20
Healthcare - Nursing & Allied,Human Resources & Recruitment,7e-04,0.0168,0.6263,556
Education - Teaching,Operations & General Management,0.0186,0.1907,0.626,15219
Software & IT Development,Finance & Accounting,1e-04,0.0143,0.624,120
Human Resources & Recruitment,"Creative, Media & Design",3e-04,0.0112,0.6213,226
Sales & Business Development,Public Sector & Administration,5e-04,0.0187,0.6209,380
Engineering & Manufacturing,"Creative, Media & Design",0.0011,0.0112,0.6201,887
"Retail, Hospitality & Events",Education - Teaching,0.007,0.0616,0.6187,5725
Operations & General Management,Education - Teaching,0.0189,0.0615,0.6183,15463
ICT Management & Consulting,Construction & Architecture,1e-04,0.0147,0.6137,96
Healthcare - Clinical,Data Science & Analytics,0,0.0012,0.6128,6
Healthcare - Nursing & Allied,Operations & General Management,0.0076,0.1862,0.6113,6177
Customer Service & Support,Social Work & Community Services,1e-04,0.0045,0.6078,46
"Banking, Finance & Insurance","Environment, Safety & Sustainability",1e-04,0.01,0.607,75
Human Resources & Recruitment,Healthcare - Nursing & Allied,6e-04,0.0257,0.607,517
Education - Teaching,Marketing & Communications,0.0011,0.0109,0.6056,871
Project & Programme Management,Healthcare - Clinical,1e-04,0.0038,0.6051,49
Construction & Architecture,Sales & Business Development,4e-04,0.0172,0.605,342
Social Work & Community Services,Operations & General Management,0.0013,0.1841,0.6044,1024
"Creative, Media & Design",Human Resources & Recruitment,3e-04,0.0162,0.6036,278
IT Infrastructure & Networks,Customer Service & Support,0,0.0078,0.6035,20
"Creative, Media & Design",Customer Service & Support,2e-04,0.0078,0.6014,134
ICT Management & Consulting,Human Resources & Recruitment,1e-04,0.0161,0.6011,105
Public Sector & Administration,"Environment, Safety & Sustainability",3e-04,0.0099,0.5977,242
Supply Chain & Logistics,Healthcare - Clinical,3e-04,0.0037,0.5973,234
Construction & Architecture,Research & Academia,1e-04,0.0028,0.5961,56
Social Work & Community Services,"Banking, Finance & Insurance",0,0.0056,0.5926,31
ICT Management & Consulting,Engineering & Manufacturing,4e-04,0.0548,0.5924,358
Customer Service & Support,Software & IT Development,1e-04,0.0065,0.592,66
Operations & General Management,Research & Academia,9e-04,0.0028,0.5877,696
IT Infrastructure & Networks,Operations & General Management,6e-04,0.1789,0.5874,458
Research & Academia,Operations & General Management,8e-04,0.1784,0.5858,691
Customer Service & Support,Research & Academia,0,0.0027,0.5825,28
Project & Programme Management,"Retail, Hospitality & Events",9e-04,0.06,0.5824,774
Supply Chain & Logistics,Software & IT Development,5e-04,0.0064,0.5821,397
Customer Service & Support,Education - Teaching,7e-04,0.0578,0.5812,590
Finance & Accounting,Software & IT Development,1e-04,0.0064,0.5812,111
Healthcare - Clinical,Sales & Business Development,1e-04,0.0164,0.5798,79
Construction & Architecture,"Retail, Hospitality & Events",0.0015,0.0597,0.5794,1190
Social Work & Community Services,Marketing & Communications,1e-04,0.0104,0.5787,58
"Retail, Hospitality & Events",Construction & Architecture,0.0016,0.0138,0.5779,1288
Marketing & Communications,Education - Teaching,0.001,0.0574,0.5772,781
"Creative, Media & Design",Construction & Architecture,3e-04,0.0138,0.5771,238
Customer Service & Support,Healthcare - Nursing & Allied,3e-04,0.0244,0.5762,249
Healthcare - Nursing & Allied,Customer Service & Support,3e-04,0.0074,0.5705,245
Marketing & Communications,Finance & Accounting,2e-04,0.013,0.5694,177
Social Work & Community Services,Customer Service & Support,1e-04,0.0074,0.5693,41
Sales & Business Development,Construction & Architecture,3e-04,0.0136,0.5686,277
Human Resources & Recruitment,"Retail, Hospitality & Events",0.0014,0.0586,0.5686,1178
IT Infrastructure & Networks,Supply Chain & Logistics,1e-04,0.0449,0.5672,115
Education - Teaching,Customer Service & Support,7e-04,0.0073,0.5671,586
Healthcare - Nursing & Allied,"Retail, Hospitality & Events",0.0024,0.0582,0.5653,1932
Finance & Accounting,Healthcare - Clinical,1e-04,0.0035,0.5651,62
"Environment, Safety & Sustainability",Sales & Business Development,3e-04,0.016,0.5651,207
Marketing & Communications,Social Work & Community Services,1e-04,0.0042,0.5651,57
"Environment, Safety & Sustainability",Public Sector & Administration,3e-04,0.0169,0.563,219
Healthcare - Clinical,Supply Chain & Logistics,3e-04,0.0445,0.5623,214
Public Sector & Administration,"Creative, Media & Design",3e-04,0.0101,0.56,248
Education - Teaching,"Retail, Hospitality & Events",0.0056,0.0576,0.5594,4600
Healthcare - Nursing & Allied,Legal & Compliance,1e-04,0.0027,0.5523,90
Senior Management & C-Suite,Education - Teaching,0,0.0546,0.5487,22
Sales & Business Development,Healthcare - Clinical,1e-04,0.0034,0.5485,70
Engineering & Manufacturing,Healthcare - Clinical,3e-04,0.0034,0.5479,272
Finance & Accounting,Cybersecurity & Compliance,1e-04,0.0029,0.5438,50
Legal & Compliance,"Environment, Safety & Sustainability",0,0.009,0.5434,33
Sales & Business Development,"Creative, Media & Design",2e-04,0.0098,0.5412,199
"Creative, Media & Design",Sales & Business Development,3e-04,0.0153,0.5411,264
"Retail, Hospitality & Events",Engineering & Manufacturing,0.0057,0.05,0.5406,4654
Engineering & Manufacturing,"Retail, Hospitality & Events",0.0054,0.0554,0.5379,4382
Supply Chain & Logistics,Sales & Business Development,0.0012,0.0152,0.5375,951
Customer Service & Support,"Creative, Media & Design",1e-04,0.0097,0.5365,99
Legal & Compliance,Data Science & Analytics,0,0.0011,0.5347,4
Finance & Accounting,Project & Programme Management,2e-04,0.0094,0.5314,164
Sales & Business Development,Supply Chain & Logistics,0.001,0.0416,0.5249,845
Sales & Business Development,Cybersecurity & Compliance,1e-04,0.0028,0.5236,56
Sales & Business Development,"Environment, Safety & Sustainability",2e-04,0.0087,0.5235,176
"Retail, Hospitality & Events",Legal & Compliance,3e-04,0.0026,0.5232,239
Legal & Compliance,Education - Teaching,2e-04,0.052,0.5228,191
Construction & Architecture,ICT Management & Consulting,1e-04,0.0045,0.5221,90
Education - Teaching,Engineering & Manufacturing,0.0047,0.048,0.5187,3833
"Retail, Hospitality & Events",Data Science & Analytics,1e-04,0.0011,0.5172,98
Project & Programme Management,Healthcare - Nursing & Allied,3e-04,0.0218,0.5143,281
Legal & Compliance,Construction & Architecture,1e-04,0.0123,0.5114,45
Cybersecurity & Compliance,Finance & Accounting,1e-04,0.0117,0.511,46
Supply Chain & Logistics,Finance & Accounting,9e-04,0.0117,0.511,729
Healthcare - Clinical,Finance & Accounting,1e-04,0.0117,0.5098,56
Education - Teaching,Supply Chain & Logistics,0.0039,0.0404,0.5097,3222
Software & IT Development,Supply Chain & Logistics,4e-04,0.0403,0.5088,339
Operations & General Management,IT Infrastructure & Networks,5e-04,0.0017,0.5075,425
Research & Academia,Construction & Architecture,1e-04,0.0121,0.5064,47
Supply Chain & Logistics,Marketing & Communications,7e-04,0.0091,0.506,569
Healthcare - Clinical,Engineering & Manufacturing,3e-04,0.0468,0.5057,225
Supply Chain & Logistics,Education - Teaching,0.0038,0.0501,0.5038,3128
Customer Service & Support,"Environment, Safety & Sustainability",1e-04,0.0083,0.5038,85
Finance & Accounting,Sales & Business Development,3e-04,0.0142,0.5025,249
Operations & General Management,Software & IT Development,0.0017,0.0055,0.5024,1380
Finance & Accounting,Supply Chain & Logistics,8e-04,0.0396,0.5,692
Public Sector & Administration,Healthcare - Nursing & Allied,6e-04,0.0211,0.4986,517
Healthcare - Nursing & Allied,Public Sector & Administration,6e-04,0.015,0.4986,498
Legal & Compliance,Software & IT Development,0,0.0054,0.4984,20
Engineering & Manufacturing,Education - Teaching,0.0048,0.0495,0.4971,3911
"Environment, Safety & Sustainability","Banking, Finance & Insurance",1e-04,0.0046,0.4938,60
Social Work & Community Services,Software & IT Development,0,0.0054,0.4935,30
Cybersecurity & Compliance,Marketing & Communications,0,0.0089,0.4933,35
Marketing & Communications,Construction & Architecture,2e-04,0.0117,0.4879,159
Social Work & Community Services,IT Infrastructure & Networks,0,0.0016,0.4856,9
Education - Teaching,Construction & Architecture,0.0011,0.0116,0.4846,927
"Environment, Safety & Sustainability",Customer Service & Support,1e-04,0.0063,0.4843,81
Software & IT Development,Legal & Compliance,0,0.0024,0.484,20
Data Science & Analytics,"Retail, Hospitality & Events",1e-04,0.0498,0.4837,73
Software & IT Development,Operations & General Management,0.0015,0.1469,0.4824,1236
Software & IT Development,Social Work & Community Services,0,0.0036,0.4808,30
Customer Service & Support,Senior Management & C-Suite,0,3e-04,0.4803,3
"Retail, Hospitality & Events",Social Work & Community Services,4e-04,0.0035,0.4784,330
Supply Chain & Logistics,Healthcare - Nursing & Allied,0.0015,0.0202,0.4774,1262
Legal & Compliance,Healthcare - Clinical,0,0.003,0.4772,11
"Retail, Hospitality & Events",ICT Management & Consulting,5e-04,0.0041,0.4739,381
Sales & Business Development,Finance & Accounting,3e-04,0.0108,0.4735,220
Healthcare - Clinical,Project & Programme Management,0,0.0083,0.4713,40
Software & IT Development,Customer Service & Support,1e-04,0.0061,0.4683,51
Education - Teaching,ICT Management & Consulting,4e-04,0.004,0.468,323
Construction & Architecture,Data Science & Analytics,0,0.001,0.4677,19
Research & Academia,"Banking, Finance & Insurance",0,0.0044,0.4667,17
Education - Teaching,"Banking, Finance & Insurance",4e-04,0.0044,0.4662,350
Healthcare - Clinical,"Banking, Finance & Insurance",0,0.0044,0.4646,21
Construction & Architecture,Education - Teaching,0.0011,0.046,0.4628,918
Social Work & Community Services,"Retail, Hospitality & Events",3e-04,0.0473,0.4589,263
Marketing & Communications,Supply Chain & Logistics,6e-04,0.0363,0.4587,494
Healthcare - Nursing & Allied,Project & Programme Management,3e-04,0.008,0.4523,265
"Banking, Finance & Insurance",Education - Teaching,4e-04,0.044,0.4426,329
"Retail, Hospitality & Events",Finance & Accounting,0.0012,0.0101,0.4422,940
"Retail, Hospitality & Events",Research & Academia,2e-04,0.0021,0.4405,193
Construction & Architecture,Social Work & Community Services,1e-04,0.0033,0.4395,65
Engineering & Manufacturing,Sales & Business Development,0.0012,0.0124,0.4367,979
"Creative, Media & Design",Healthcare - Clinical,1e-04,0.0027,0.435,47
Data Science & Analytics,Healthcare - Clinical,0,0.0027,0.435,4
Supply Chain & Logistics,"Creative, Media & Design",6e-04,0.0079,0.4349,491
"Creative, Media & Design",Supply Chain & Logistics,7e-04,0.0344,0.4343,592
ICT Management & Consulting,Education - Teaching,3e-04,0.0429,0.4311,280
Education - Teaching,Senior Management & C-Suite,0,3e-04,0.4297,21
Healthcare - Nursing & Allied,Supply Chain & Logistics,0.0014,0.0338,0.4274,1123
Healthcare - Clinical,"Creative, Media & Design",0,0.0077,0.4256,37
Research & Academia,Senior Management & C-Suite,0,3e-04,0.4218,1
Education - Teaching,IT Infrastructure & Networks,1e-04,0.0014,0.4212,112
Social Work & Community Services,Construction & Architecture,1e-04,0.0101,0.4201,56
Education - Teaching,Software & IT Development,4e-04,0.0046,0.4184,365
Legal & Compliance,Healthcare - Nursing & Allied,1e-04,0.0177,0.418,65
Cybersecurity & Compliance,Senior Management & C-Suite,0,3e-04,0.4148,1
Construction & Architecture,Marketing & Communications,2e-04,0.0075,0.4147,149
Software & IT Development,Education - Teaching,4e-04,0.0412,0.4146,347
Engineering & Manufacturing,Senior Management & C-Suite,0,3e-04,0.4131,20
Construction & Architecture,"Banking, Finance & Insurance",1e-04,0.0039,0.4106,77
Supply Chain & Logistics,Research & Academia,1e-04,0.0019,0.4081,120
Construction & Architecture,Healthcare - Clinical,1e-04,0.0026,0.4075,51
Legal & Compliance,"Creative, Media & Design",0,0.0074,0.4065,27
Data Science & Analytics,Healthcare - Nursing & Allied,0,0.0171,0.4029,25
Legal & Compliance,"Retail, Hospitality & Events",2e-04,0.0414,0.4018,152
Engineering & Manufacturing,Legal & Compliance,2e-04,0.002,0.4016,156
Finance & Accounting,Social Work & Community Services,1e-04,0.003,0.4011,52
Healthcare - Clinical,Construction & Architecture,1e-04,0.0096,0.3994,46
Marketing & Communications,Healthcare - Clinical,0,0.0025,0.3983,34
Data Science & Analytics,Engineering & Manufacturing,1e-04,0.0369,0.3982,54
ICT Management & Consulting,"Retail, Hospitality & Events",3e-04,0.0404,0.3926,264
Construction & Architecture,Legal & Compliance,0,0.0019,0.388,38
"Retail, Hospitality & Events",Software & IT Development,5e-04,0.0042,0.3857,392
Engineering & Manufacturing,Data Science & Analytics,1e-04,8e-04,0.3848,62
"Banking, Finance & Insurance",Engineering & Manufacturing,3e-04,0.0356,0.3846,266
Sales & Business Development,Engineering & Manufacturing,9e-04,0.0356,0.3842,723
"Banking, Finance & Insurance",Healthcare - Clinical,0,0.0024,0.3838,18
Healthcare - Clinical,Marketing & Communications,0,0.0069,0.3811,33
Research & Academia,Customer Service & Support,0,0.0049,0.379,19
Engineering & Manufacturing,"Banking, Finance & Insurance",3e-04,0.0036,0.3778,281
Legal & Compliance,Engineering & Manufacturing,2e-04,0.0349,0.3766,128
Senior Management & C-Suite,Engineering & Manufacturing,0,0.0347,0.3753,14
Construction & Architecture,Public Sector & Administration,3e-04,0.0113,0.3748,225
Healthcare - Clinical,IT Infrastructure & Networks,0,0.0012,0.3747,6
Education - Teaching,Finance & Accounting,8e-04,0.0086,0.3743,683
"Banking, Finance & Insurance",Construction & Architecture,1e-04,0.009,0.3742,67
Healthcare - Nursing & Allied,Data Science & Analytics,0,8e-04,0.3699,25
"Banking, Finance & Insurance",Research & Academia,0,0.0017,0.3693,13
Finance & Accounting,Education - Teaching,8e-04,0.0367,0.3692,642
Finance & Accounting,"Retail, Hospitality & Events",8e-04,0.0379,0.3677,662
ICT Management & Consulting,Healthcare - Clinical,0,0.0023,0.3661,15
Social Work & Community Services,Finance & Accounting,1e-04,0.0083,0.3618,46
Engineering & Manufacturing,Customer Service & Support,5e-04,0.0047,0.3614,370
Public Sector & Administration,Construction & Architecture,3e-04,0.0087,0.3613,212
Construction & Architecture,Healthcare - Nursing & Allied,4e-04,0.0151,0.3576,302
"Banking, Finance & Insurance","Creative, Media & Design",1e-04,0.0064,0.3552,48
"Retail, Hospitality & Events",IT Infrastructure & Networks,1e-04,0.0012,0.3518,109
Engineering & Manufacturing,Healthcare - Nursing & Allied,0.0014,0.0149,0.3508,1175
Research & Academia,Finance & Accounting,0,0.008,0.3502,31
Social Work & Community Services,Supply Chain & Logistics,2e-04,0.0277,0.3496,154
Research & Academia,"Retail, Hospitality & Events",2e-04,0.0359,0.3484,139
Engineering & Manufacturing,Public Sector & Administration,0.001,0.0104,0.344,819
"Creative, Media & Design",Legal & Compliance,0,0.0017,0.343,29
Healthcare - Clinical,Senior Management & C-Suite,0,2e-04,0.3399,1
"Creative, Media & Design","Banking, Finance & Insurance",1e-04,0.0032,0.3398,55
Education - Teaching,Sales & Business Development,9e-04,0.0096,0.3389,767
Healthcare - Nursing & Allied,Engineering & Manufacturing,0.0013,0.031,0.3347,1028
Senior Management & C-Suite,Social Work & Community Services,0,0.0025,0.3345,1
Construction & Architecture,Customer Service & Support,1e-04,0.0043,0.3332,86
"Environment, Safety & Sustainability",Finance & Accounting,1e-04,0.0076,0.3318,98
Supply Chain & Logistics,Social Work & Community Services,2e-04,0.0024,0.3283,152
Software & IT Development,"Retail, Hospitality & Events",3e-04,0.0338,0.3277,284
IT Infrastructure & Networks,Education - Teaching,1e-04,0.0324,0.3259,83
Research & Academia,Supply Chain & Logistics,1e-04,0.0253,0.3195,98
Public Sector & Administration,Engineering & Manufacturing,9e-04,0.0295,0.3186,722
Healthcare - Nursing & Allied,Construction & Architecture,3e-04,0.0076,0.3182,253
IT Infrastructure & Networks,Social Work & Community Services,0,0.0023,0.316,6
Marketing & Communications,Engineering & Manufacturing,5e-04,0.0291,0.3145,396
Sales & Business Development,Education - Teaching,8e-04,0.031,0.312,631
Customer Service & Support,Construction & Architecture,1e-04,0.0074,0.3068,75
Customer Service & Support,Engineering & Manufacturing,4e-04,0.028,0.3028,286
Engineering & Manufacturing,Marketing & Communications,5e-04,0.0054,0.3018,430
Finance & Accounting,"Environment, Safety & Sustainability",1e-04,0.005,0.301,87
IT Infrastructure & Networks,"Retail, Hospitality & Events",1e-04,0.0305,0.2958,78
Social Work & Community Services,Senior Management & C-Suite,0,2e-04,0.2936,1
Healthcare - Nursing & Allied,Finance & Accounting,3e-04,0.0065,0.2822,214
Finance & Accounting,Healthcare - Nursing & Allied,2e-04,0.0117,0.2756,204
Healthcare - Nursing & Allied,"Banking, Finance & Insurance",1e-04,0.0025,0.2692,84
Finance & Accounting,Research & Academia,0,0.0013,0.2672,22
Healthcare - Clinical,Software & IT Development,0,0.0029,0.2666,14
"Banking, Finance & Insurance",Healthcare - Nursing & Allied,1e-04,0.011,0.2591,82
"Creative, Media & Design",Finance & Accounting,1e-04,0.0057,0.2491,98
Sales & Business Development,Social Work & Community Services,0,0.0018,0.2454,37
Senior Management & C-Suite,Healthcare - Nursing & Allied,0,0.0099,0.2344,4
Healthcare - Nursing & Allied,ICT Management & Consulting,1e-04,0.0019,0.2196,63
Healthcare - Clinical,ICT Management & Consulting,0,0.0019,0.2166,9
Finance & Accounting,"Creative, Media & Design",1e-04,0.0039,0.2151,68
Social Work & Community Services,Engineering & Manufacturing,1e-04,0.0196,0.2117,109
ICT Management & Consulting,Healthcare - Nursing & Allied,1e-04,0.0089,0.2098,58
Social Work & Community Services,Sales & Business Development,0,0.0059,0.2092,33
Finance & Accounting,Construction & Architecture,1e-04,0.005,0.2077,87
Senior Management & C-Suite,Construction & Architecture,0,0.005,0.2071,2
Engineering & Manufacturing,Social Work & Community Services,1e-04,0.0015,0.2063,121
Engineering & Manufacturing,Finance & Accounting,5e-04,0.0047,0.2047,370
Construction & Architecture,Finance & Accounting,1e-04,0.0047,0.2041,93
Healthcare - Nursing & Allied,Senior Management & C-Suite,0,1e-04,0.1969,4
Senior Management & C-Suite,Customer Service & Support,0,0.0025,0.1917,1
Software & IT Development,Healthcare - Clinical,0,0.0012,0.1894,10
Healthcare - Nursing & Allied,Sales & Business Development,2e-04,0.0053,0.1871,176
IT Infrastructure & Networks,Healthcare - Clinical,0,0.0012,0.1867,3
Marketing & Communications,Healthcare - Nursing & Allied,1e-04,0.0075,0.1771,102
Finance & Accounting,Engineering & Manufacturing,3e-04,0.0159,0.1718,278
Healthcare - Nursing & Allied,Marketing & Communications,1e-04,0.0031,0.1706,102
Software & IT Development,Healthcare - Nursing & Allied,1e-04,0.0071,0.1684,60
Healthcare - Nursing & Allied,Software & IT Development,1e-04,0.0018,0.1683,61
Sales & Business Development,Healthcare - Nursing & Allied,1e-04,0.0059,0.1382,119
Healthcare - Nursing & Allied,IT Infrastructure & Networks,0,4e-04,0.1176,13
IT Infrastructure & Networks,Healthcare - Nursing & Allied,0,0.0043,0.1015,11
